Platform,Category,UserRecordType,Title,Country,ReleaseType,Publisher,Developer,Genre,CreatedAt,Ownership,PriceLoose,PriceCIB,PriceNew,YourPrice,PricePaid,ItemCondition,BoxCondition,ManualCondition,Notes,Tags,metacritic
"Sony PlayStation","Games","Owned","Animetic Story Game 1: Card Captor Sakura","Japan","Official","Arika Co., Ltd.","Arika Co., Ltd.","Adventure","Nov 6, 2025","CIB+","6.76","11.69","29.83","11.69","?",?,?,?,"","","Missing Field",
"Sony PlayStation","Games","Owned","Final Fantasy IX","Japan","Official","Squaresoft","Squaresoft","RPG","Nov 6, 2025","CIB+","9.58","9.72","160.6","9.72","?",?,?,?,"","","94",
"Sony PlayStation","Games","Owned","Final Fantasy VII","Japan","Official","Squaresoft","Squaresoft","RPG","Nov 6, 2025","CIB+","13.43","16.92","319.92","16.92","?",?,?,?,"","","92",
"Sony PlayStation 2","Games","Owned","Final Fantasy X","United Kingdom","Official","Squaresoft","Squaresoft","RPG","Nov 6, 2025","Boxed+","6.72","9.7","164.21","9.5","?",?,?,?,"Includes extra movie disc","","92",
"Sony PlayStation 2","Games","Owned","Gran Turismo 4","United Kingdom","Official","Sony Computer Entertainment Europe","Polyphony Digital Inc.","Racing, Sports, Vehicle Sim","Nov 6, 2025","CIB+","5.87","6.88","55.99","6.88","?",?,?,?,"Scratched disc. It doesn't properly load","","89",
"Sony PlayStation 2","Games","Owned","Hello Kitty: Roller Rescue","United Kingdom","Official","HAMSTER Corporation","XPEC Entertainment","Action, Adventure","Nov 6, 2025","CIB+","6.24","7.91","20.1","7.91","?",?,?,?,"","","Missing Field",
"Sony PlayStation 2","Games","Owned","Hitman: Blood Money","United Kingdom","Official","Eidos Interactive","IO Interactive","Action, Stealth","Nov 6, 2025","CIB+","3.98","5.03","72.07","5.03","?",?,?,?,"","","83",
"Sony PlayStation 2","Games","Owned","Kingdom Hearts","United Kingdom","Official","Squaresoft","Squaresoft","Action, RPG","May 6, 2026","CIB+","10.81","12.1","198.28","12.1","-1.0",?,?,?,"Signed copy by Yoko Shimomura ","","85",
"Sony PlayStation 2","Games","Owned","Lord of the Rings: The Return of the King","United Kingdom","Official","EA Games","EA Redwood Shores","Action, RPG","Nov 6, 2025","CIB+","8.5","8.79","33.06","8.79","?",?,?,?,"","","Missing Field",
"Sony PlayStation 2","Games","Owned","Medal of Honor: Frontline","United Kingdom","Official","Electronic Arts","EA Los Angeles","First-person shooter","Nov 6, 2025","CIB+","4.11","6.03","58.58","6.03","?",?,?,?,"Manual in dutch ","","88",
"Sony PlayStation 2","Games","Owned","Need for Speed: Underground 2","United Kingdom","Official","Electronic Arts","EA Black Box","Racing","Nov 6, 2025","CIB+","9.34","18.85","100.68","18.85","?",?,?,?,"Manual in dutch","","82",
"Sony PlayStation 2","Games","Owned","Shin Megami Tensei: Digital Devil Saga 2","United Kingdom","Official","Ghostlight Ltd.","Atlus Co., Ltd.","RPG","Nov 6, 2025","CIB+","14.45","52.37","61.05","52.37","?",?,?,?,"","","82",
"Sony PlayStation 2","Games","Owned","Sonic Riders","United Kingdom","Official","Sega","Sonic Team","Action, Racing","Nov 6, 2025","CIB+","6.52","10.31","39.17","10.31","?",?,?,?,"Lots of water damage","","55",
"Sony PlayStation 2","Games","Owned","Spider-Man 2","United Kingdom","Official","Activision","Treyarch","Action","Nov 6, 2025","Boxed+","4.82","6.62","81.41","4.82","?",?,?,?,"","","80",
"Sony PlayStation 2","Games","Owned","Super Monkey Ball Deluxe","United Kingdom","Official","Sega","Sega","Platformer, Party","Nov 6, 2025","CIB+","5.21","5.98","13.44","5.98","?",?,?,?,"","","78",
"Sony PlayStation 2","Games","Owned","Time Crisis II","United Kingdom","Official","Namco","Namco","First-person shooter, Light Gun","Nov 6, 2025","Boxed","5.74","10.84","46.04","9.1","?",?,?,?,"","","81",
"Sony PlayStation 2","Games","Owned","Tom Clancy's Splinter Cell","United Kingdom","Official","Ubisoft","Ubisoft Shanghai","Action, Third-person shooter","Nov 6, 2025","CIB+","3.8","5.46","47.34","5.46","?",?,?,?,"","","89",
"Sony PlayStation 2","Games","Owned","Tomb Raider: Legend","United Kingdom","Official","Eidos Interactive","Crystal Dynamics","Action, Adventure","Nov 6, 2025","Boxed+","4.69","6.31","41.51","4.69","?",?,?,?,"","","82",
"Nintendo 3DS","Games","Owned","Bravely Default","Japan","Official","Nintendo","Silicon Studio","RPG","Nov 6, 2025","CIB+","14.45","15.36","22.49","15.36","?",?,?,?,"","","85",
"Nintendo 3DS","Games","Owned","Hyrule Warriors Legends [Limited Edition]","United Kingdom","Official","Nintendo","Omega Force, Team Ninja","Action","Nov 6, 2025","CIB+","38.99","46.86","61.75","46.86","-1.0",?,?,?,"","","70",
"Nintendo 3DS","Games","Owned","Inazuma Eleven Go: Light","United Kingdom","Official","Nintendo","Level-5","RPG, Sports","Nov 6, 2025","CIB+","25.81","27.15","40.58","27.15","?",?,?,?,"","","74",
"Nintendo 3DS","Games","Owned","Kid Icarus: Uprising [Big Box]","United Kingdom","Official","Nintendo","Project Sora","Third-person shooter","Nov 6, 2025","CIB+","?","54.39","88.38","54.39","?",?,?,?,"","","83",
"Nintendo 3DS","Games","Owned","Mario Tennis Open [Nintendo Selects]","United Kingdom","Official","Nintendo","Camelot Software Planning","Sports","Nov 6, 2025","CIB+","7.26","11.2","18.07","11.2","?",?,?,?,"","","69",
"Nintendo 3DS","Systems","Owned","New Nintendo 3DS XL [Zelda Majora's Mask Edition]","United Kingdom","Official","Missing Field","Missing Field","Missing Field","Nov 6, 2025","CIB+","429.03","594.87","804.49","594.87","?",?,?,?,"Hacked","","Missing Field",
"Nintendo 3DS","Games","Owned","Pokemon Moon [Fan Edition]","United Kingdom","Official","Nintendo, The Pokemon Company","Game Freak","RPG","Nov 6, 2025","CIB+","21.44","24.01","53.58","24.01","?",?,?,?,"","","87",
"Nintendo 3DS","Games","Owned","Pokemon Mystery Dungeon: Gates To Infinity","United Kingdom","Official","The Pokemon Company","Spike Chunsoft","RPG, Roguelike","Nov 6, 2025","CIB+","18.01","18.71","78.18","18.71","?",?,?,?,"","","59",
"Nintendo 3DS","Games","Owned","Pokémon Omega Ruby","United Kingdom","Official","Nintendo, The Pokemon Company","Game Freak","Action, Adventure, RPG","Nov 6, 2025","CIB+","37.58","38.61","128.52","38.61","?",?,?,?,"","","83",
"Nintendo 3DS","Games","Owned","Pokémon X","United Kingdom","Official","Nintendo, The Pokemon Company","Game Freak","Action, Adventure, RPG","Nov 6, 2025","CIB+","24.81","31.2","65.57","31.2","?",?,?,?,"","","87",
"Nintendo 3DS","Games","Owned","Pokemon Y","United Kingdom","Official","Nintendo","Game Freak","RPG","Nov 6, 2025","CIB+","29.99","33.74","60.64","33.74","?",?,?,?,"","","88",
"Nintendo DS","Games","Owned","Art Academy","United Kingdom","Official","Nintendo","Headstrong Games","Life Sim","Nov 6, 2025","CIB+","3.66","4.98","9.52","4.98","?",?,?,?,"","","75",
"Nintendo DS","Games","Owned","Ben 10 Ultimate Alien: Cosmic Destruction","United Kingdom","Official","D3 Publisher Inc.","Griptonite Games","Action, Adventure","Nov 6, 2025","CIB+","5.7","6.43","13.71","6.43","?",?,?,?,"GAME Sticker","","Missing Field",
"Nintendo DS","Games","Owned","Beyblade Metal Fusion: Cyber Pegasus","United Kingdom","Official","Hudson Soft","Hudson Soft","Action, Adventure","Nov 6, 2025","CIB+","7.38","10.53","50.83","10.53","?",?,?,?,"Bey is used and separate","","Missing Field",
"Nintendo DS","Games","Owned","Bionicle Heroes","United Kingdom","Official","Eidos Interactive","Amaze Entertainment","Action, First-person shooter","Nov 6, 2025","CIB+","5.96","10.83","25.64","10.83","?",?,?,?,"GAME Sticker","","72",
"Nintendo DS","Games","Owned","Catz 2","United Kingdom","Official","Ubisoft","Powerhead Games","Life Sim","Nov 6, 2025","Loose","4.08","4.49","6.28","4.08","?",?,?,?,"","","Missing Field",
"Nintendo DS","Games","Owned","Code Lyoko: Fall of X.A.N.A.","United Kingdom","Official","The Game Factory","The Game Factory","Action, Adventure","Nov 6, 2025","CIB+","?","32.85","61.74","32.85","?",?,?,?,"","","51",
"Nintendo DS","Games","Owned","Inazuma Eleven 2: Firestorm","United Kingdom","Official","Nintendo","Level-5","RPG, Sports","Nov 6, 2025","CIB+","18.72","27.16","63.84","27.16","?",?,?,?,"","","74",
"Nintendo DS","Games","Owned","Learn with Pokémon: Typing Adventure","United Kingdom","Official","Nintendo","Genius Sonority Inc.","Education, Family","Nov 6, 2025","CIB+","21.68","133.95","256.8","133.95","?",?,?,?,"Missing Stand","","Missing Field",
"Nintendo DS","Games","Owned","Mechanic Master","United Kingdom","Official","Midway","Most Wanted Entertainment","Puzzle","Nov 6, 2025","CIB+","3.53","3.59","7.5","3.59","?",?,?,?,"","","76",
"Nintendo DS","Games","Owned","Metropolis Crimes","United Kingdom","Official","Ubisoft Entertainment","Lexis Numerique","Adventure","Nov 6, 2025","CIB+","?","6.35","11.71","6.35","?",?,?,?,"","","Missing Field",
"Nintendo DS","Games","Owned","Might & Magic: Clash of Heroes","United Kingdom","Official","Ubisoft","Capybara Games","RPG, Puzzle","Nov 6, 2025","CIB+","5.21","21.05","30.79","21.05","?",?,?,?,"","","86",
"Nintendo DS","Games","Owned","TouchMaster 2","United Kingdom","Official","Midway Games","Midway Studios - San Diego","Puzzle","Nov 6, 2025","Boxed+","3.93","4.63","6.97","3.93","?",?,?,?,"","","76",
"Nintendo DS","Games","Owned","New Super Mario Bros.","United Kingdom","Official","Nintendo","Nintendo EAD","Platformer","Nov 6, 2025","CIB+","11.45","12.22","96.78","12.22","?",?,?,?,"","","89",
"Nintendo DS","Systems","Owned","Nintendo DSi XL [25th Anniversary Edition]","United Kingdom","Official","Nintendo","Nintendo","Missing Field","Nov 6, 2025","CIB+","87.04","221.75","420.58","221.75","?",?,?,?,"","","Missing Field",
"Nintendo DS","Games","Owned","Playmobil: Pirates","United States of America","Official","Dreamcatcher","DreamCatcher Interactive Inc.","Action, Adventure","Nov 6, 2025","Boxed","6.1","8.03","21.81","7.97","?",?,?,?,"EU Spanish ","","Missing Field",
"Nintendo DS","Games","Owned","Pokémon Black Version","United Kingdom","Official","Nintendo","Game Freak","Adventure, RPG","Nov 6, 2025","CIB+","43.72","56.25","173.12","56.25","?",?,?,?,"Cartridge is opened up","","87",
"Nintendo DS","Games","Owned","Pokémon Black Version 2","United Kingdom","Official","Nintendo, The Pokemon Company","Game Freak","Adventure, RPG","Nov 6, 2025","CIB+","86.52","104.57","329.74","104.57","?",?,?,?,"Corroded","","80",
"Nintendo DS","Games","Owned","Pokémon Pearl Version","United Kingdom","Official","Nintendo","Game Freak","Adventure, RPG","Nov 6, 2025","CIB+","24.48","28.35","290.24","28.35","?",?,?,?,"","","85",
"Nintendo DS","Games","Owned","Pokémon SoulSilver Version [Pokéwalker Bundle]","United Kingdom","Official","Nintendo","Game Freak","Adventure, RPG, Strategy","Nov 6, 2025","CIB+","131.04","253.3","549.62","253.3","?",?,?,?,"","","87",
"Nintendo DS","Games","Owned","Pokémon White Version","United Kingdom","Official","Nintendo","Game Freak","Adventure, RPG, Strategy","Nov 6, 2025","CIB+","50.36","54.06","147.27","54.06","?",?,?,?,"ES","","87",
"Nintendo DS","Accessories","Owned","Pokewalker","United States of America","Official","Missing Field","Missing Field","Missing Field","Jan 29, 2026","CIB+","75.81","215.44","66.01","215.44","?",?,?,?,"","","Missing Field",
"Nintendo DS","Games","Owned","Practise English - Inglés para el dia a dia","Spain","Official","Nintendo","Plato","Education","Nov 6, 2025","CIB+","1.87","3.64","14.13","3.64","?",?,?,?,"","","Missing Field",
"Nintendo DS","Games","Owned","Race Driver: GRID","United Kingdom","Official","Codemasters","Firebrand Games","Racing","Nov 6, 2025","CIB+","7.53","8.14","15.16","8.14","?",?,?,?,"","","79",
"Nintendo DS","Games","Owned","Rango","France","Official","Electronic Arts, Paramount Digital Entertainment","Behaviour Interactive","Action, Adventure","Nov 6, 2025","CIB+","-1.0", "-1.0", "-1.0", "-1.0","?",?,?,?,"Spanish ","","55",
"Nintendo DS","Games","Owned","Shaun White Snowboarding","United Kingdom","Official","Ubisoft","Ubisoft","Sports","Nov 6, 2025","CIB+","4.11","5.94","10.85","5.94","?",?,?,?,"","","63",
"Nintendo DS","Games","Owned","SimCity Creator","United Kingdom","Official","EA Games","EA Games","Management Sim, Strategy","Nov 6, 2025","CIB+","5.18","7.05","15.5","7.05","?",?,?,?,"","","69",
"Nintendo DS","Games","Owned","Star Fox Command","United Kingdom","Official","Nintendo","Q-Games","Adventure, Flight Sim","Nov 6, 2025","CIB+","4.05","18.8","43.11","18.8","?",?,?,?,"","","76",
"Nintendo DS","Games","Owned","Super Mario 64 DS","United Kingdom","Official","Nintendo","Nintendo","Action, Adventure, Platformer","Nov 6, 2025","Loose","10.2","14.62","167.15","10.2","?",?,?,?,"","","85",
"Nintendo DS","Games","Owned","Tim Power: Klusjesman","Germany","Official","Ubisoft","Nintendo","RPG","Nov 6, 2025","CIB+","-1.0", "-1.0", "-1.0", "-1.0","?",?,?,?,"Spanish ","","Missing Field",
"Nintendo DS","Games","Owned","Transformers: Revenge of the Fallen - Decepticons","United Kingdom","Official","Activision","Vicarious Visions","Action, First-person shooter","Nov 6, 2025","CIB+","3.38","5.95","10.85","5.95","?",?,?,?,"","","66",
"Nintendo DS","Games","Owned","Winx Club: Saving Alfea","United Kingdom","Official","Little Orbit","1st Playable Productions","Action","Nov 9, 2025","Loose","-1.0", "-1.0", "-1.0", "-1.0","?",?,?,?,"","","Missing Field",
"amiibo","Toys To Life","Owned","Charizard","United States of America","Official","Nintendo","Nintendo","Missing Field","Nov 6, 2025","Loose","9.58","?","14.3","9.58","?",?,?,?,"","","Missing Field",
"amiibo","Toys To Life","Owned","Cloud","United States of America","Official","Nintendo","Nintendo","Missing Field","Dec 1, 2025","New","16.63","?","21.47","21.47","?",?,?,?,"","","Missing Field",
"amiibo","Toys To Life","Owned","Joker","United States of America","Official","Nintendo","Nintendo","Missing Field","Nov 6, 2025","New","12.14","?","15.95","15.95","?",?,?,?,"","","Missing Field",
"amiibo","Toys To Life","Owned","Link [8 Bit]","United States of America","Official","Nintendo","Nintendo","Missing Field","Nov 6, 2025","Loose","13.44","?","22.06","13.44","?",?,?,?,"","","Missing Field",
"amiibo","Toys To Life","Owned","Link [Super Smash Bros]","United States of America","Official","Nintendo","Nintendo","Missing Field","Nov 6, 2025","Loose","12.41","?","21.94","12.41","?",?,?,?,"","","Missing Field",
"amiibo","Toys To Life","Owned","Noah & Mio 2-Pack","United States of America","Official","Nintendo","Nintendo","Missing Field","Nov 6, 2025","New","21.41","?","28.08","28.08","?",?,?,?,"","","Missing Field",
"amiibo","Toys To Life","Owned","Pikachu","United States of America","Official","Nintendo","Nintendo","Missing Field","Nov 6, 2025","Loose","7.67","?","13.43","7.67","?",?,?,?,"","","Missing Field",
"amiibo","Toys To Life","Owned","Pyra & Mythra 2-Pack","United States of America","Official","Nintendo","Nintendo","Missing Field","Nov 6, 2025","New","28.93","?","43.62","43.62","?",?,?,?,"","","Missing Field",
"amiibo","Toys To Life","Owned","Sephiroth","United States of America","Official","Nintendo","Nintendo","Missing Field","Nov 6, 2025","New","18.28","?","26.38","26.38","?",?,?,?,"","","Missing Field",
"amiibo","Toys To Life","Owned","Shulk","United States of America","Official","Nintendo","Nintendo","Missing Field","Nov 6, 2025","New","9.69","?","15.15","15.15","?",?,?,?,"","","Missing Field",
"amiibo","Toys To Life","Owned","Wolf Link","United States of America","Official","Nintendo","Nintendo","Missing Field","Nov 6, 2025","Loose","17.75","?","26.38","17.75","?",?,?,?,"","","Missing Field",
"amiibo","Toys To Life","Owned","Zelda & Loftwing","United States of America","Official","Nintendo","Nintendo","Missing Field","Nov 6, 2025","New","11.28","?","15.61","15.61","?",?,?,?,"","","Missing Field",
"Nintendo Switch","Games","Owned","Advance Wars 1+2: Re-Boot Camp","United States of America","Official","Nintendo","WayForward Technologies","Strategy","Nov 6, 2025","CIB+","30.69","31.22","35","31.22","?",?,?,?,"","","82",
"Nintendo Switch","Games","Owned","Afterimage [Deluxe Edition]","United Kingdom","Official","Modus Games","Missing Field","Action, Adventure, RPG, Platformer","Nov 7, 2025","New","?","27.86","31.41","31.41","?",?,?,?,"","","Missing Field",
"Nintendo Switch","Games","Owned","AI: The Somnium Files - nirvanA Initiative","United Kingdom","Official","Spike Chunsoft","Spike Chunsoft","Action, Puzzle","Nov 6, 2025","CIB+","22.3","27.17","34.78","27.17","?",?,?,?,"","","83",
"Nintendo Switch","Games","Owned","AI: The Somnium Files [Special Agent Edition]","United Kingdom","Official","Spike Chunsoft","Spike Chunsoft","Action, Adventure","Nov 6, 2025","CIB+","98.58","101.85","124.82","101.85","?",?,?,?,"","","86",
"Nintendo Switch","Games","Owned","Animal Crossing: New Horizons","United Kingdom","Official","Nintendo","Nintendo","Life Sim","Nov 6, 2025","CIB+","25.44","30.29","35.84","30.29","?",?,?,?,"","","90",
"Nintendo Switch","Games","Owned","Animal Well [Limited Run]","United States of America","Official","Limited Run Games, Big Mode","Shared Memory","Adventure, Puzzle, Platformer","Nov 6, 2025","CIB+","31.11","51.38","34.47","51.38","?",?,?,?,"","","90",
"Nintendo Switch","Games","Owned","Anonymous;Code [Steelbook Launch Edition]","United Kingdom","Official","Spike Chunsoft, Numskull Games","MAGES. Inc.","Adventure, RPG","Nov 7, 2025","CIB+","?","21.98","31.73","21.98","?",?,?,?,"","","Missing Field",
"Nintendo Switch","Games","Owned","Astral Chain","United Kingdom","Official","Nintendo","PlatinumGames","Action, Adventure","Nov 6, 2025","CIB+","30.96","32.14","51.61","32.14","?",?,?,?,"","","87",
"Nintendo Switch","Games","Owned","Balatro [Special Edition]","United Kingdom","Official","PlayStack Ltd","LocalThunk","Card, Roguelike","Nov 6, 2025","CIB+","18.19","30.38","39.32","30.38","?",?,?,?,"","","90",
"Nintendo Switch","Games","Owned","Bayonetta Origins: Cereza and the Lost Demon","United Kingdom","Official","Nintendo","PlatinumGames","Action, Adventure","Nov 6, 2025","CIB+","9.45","18.48","24.28","18.48","?",?,?,?,"","","81",
"Nintendo Switch","Games","Owned","Blasphemous II","United Kingdom","Official","Team17 Software Limited","The Game Kitchen","Action, Adventure, Platformer","Nov 6, 2025","CIB+","21.62","25.55","40.74","25.55","?",?,?,?,"","","84",
"Nintendo Switch","Games","Owned","Bravely Default II","United Kingdom","Official","Nintendo","Square Enix","RPG","Nov 6, 2025","CIB+","14.23","16.11","23.42","16.11","?",?,?,?,"","","76",
"Nintendo Switch","Games","Owned","Catherine: Full Body","United Kingdom","Official","Atlus","Atlus","Action, Puzzle","Nov 6, 2025","CIB+","19.67","20.56","32.51","20.56","?",?,?,?,"","","80",
"Nintendo Switch","Games","Owned","Celeste","United States of America","Official","Limited Run Games","Matt Makes Games","Adventure, Platformer","Nov 6, 2025","CIB+","31.98","34.16","51.07","34.16","?",?,?,?,"","","92",
"Nintendo Switch","Games","Owned","Chinatown Detective Agency","United Kingdom","Official","Red Art Games, Humble Games","General Interactive Co.","Adventure, Puzzle, Point & Click","Nov 6, 2025","CIB+","18.39","20.68","27.73","20.68","?",?,?,?,"","","Missing Field",
"Nintendo Switch","Games","Owned","Chrono Cross: The Radical Dreamers Edition","World","Official","Square Enix","Square Enix","RPG","Nov 6, 2025","CIB+","31.34","33.3","38.45","33.3","?",?,?,?,"","","77",
"Nintendo Switch","Games","Owned","Collection of Mana","United Kingdom","Official","Square Enix","M2","Action, RPG","Nov 6, 2025","CIB+","21.56","21.81","26.96","21.81","?",?,?,?,"","","83",
"Nintendo Switch","Games","Owned","Crisis Core: Final Fantasy VII Reunion","United Kingdom","Official","Square Enix","Square Enix","RPG","Nov 6, 2025","CIB+","17.49","20.37","23.04","20.37","?",?,?,?,"","","77",
"Nintendo Switch","Games","Owned","Cult of the Lamb","United Kingdom","Official","Devolver Digital","Massive Monster","Action, Adventure, Strategy, Roguelike","Nov 6, 2025","CIB+","23.4","23.48","35.56","23.48","?",?,?,?,"","","79",
"Nintendo Switch","Games","Owned","Cuphead","United Kingdom","Official","iam8bit","Studio MDHR Entertainment Inc.","Action, Platformer","Nov 6, 2025","CIB+","23.03","23.66","33.67","23.66","?",?,?,?,"","","87",
"Nintendo Switch","Games","Owned","Danganronpa Decadence","United Kingdom","Official","Numskull Games","Spike Chunsoft Co., Ltd.","Adventure, Puzzle, Board, Trivia","Nov 6, 2025","CIB+","33.51","39.77","58.98","39.77","?",?,?,?,"","","83",
"Nintendo Switch","Games","Owned","Dark Souls: Remastered","United Kingdom","Official","Bandai Namco Entertainment","FromSoftware, Inc.","Action, RPG","Nov 6, 2025","CIB+","27.51","27.94","33.3","27.94","?",?,?,?,"","","83",
"Nintendo Switch","Games","Owned","Digimon Story: Cyber Sleuth Complete Edition","United Kingdom","Official","Bandai Namco Games","Media.Vision","RPG","Nov 6, 2025","CIB+","22.38","22.89","33.33","22.89","?",?,?,?,"","","76",
"Nintendo Switch","Games","Owned","Digimon Survive","United Kingdom","Official","Bandai Namco Entertainment","Hyde","Adventure, RPG, Strategy, Horror","Nov 6, 2025","CIB+","18.44","22.09","18.65","22.09","?",?,?,?,"","","77",
"Nintendo Switch","Games","Owned","Digimon World: Next Order [International Edition]","Japan","Official","Bandai Namco Entertainment","B.B. Studio","RPG","Nov 6, 2025","CIB+","-1.0", "-1.0", "-1.0", "-1.0","?",?,?,?,"CHINESE","","61",
"Nintendo Switch","Games","Owned","Dragon Quest III HD-2D Remake","United Kingdom","Official","Square Enix","Artdink","RPG","Nov 6, 2025","CIB+","32.44","33.86","37.82","33.86","?",?,?,?,"","","82",
"Nintendo Switch","Games","Owned","Dragon Quest VII: Reimagined","Australia","Official","Square Enix","HexaDrive","RPG","Feb 5, 2026","CIB","-1.0", "-1.0", "-1.0", "-1.0","?",?,?,?,"","","Missing Field",
"Nintendo Switch","Games","Owned","Dragon Quest XI S: Echoes of an Elusive Age [Definitive Edition]","United Kingdom","Official","Nintendo","Square Enix","Adventure, RPG","Nov 6, 2025","CIB+","21.2","26.34","54.46","26.34","?",?,?,?,"","","91",
"Nintendo Switch","Games","Owned","Eiyuden Chronicle: Hundred Heroes","United Kingdom","Official","505 Games","Rabbit & Bear Studios","RPG","Nov 6, 2025","CIB+","20.92","23.07","43.2","23.07","?",?,?,?,"","","57",
"Nintendo Switch","Games","Owned","Eiyuden Chronicle: Rising","United Kingdom","Official","Red Art Games","NATSUME ATARI Inc.","RPG","Nov 6, 2025","CIB+","37.13","40.9","55.52","40.9","?",?,?,?,"","","65",
"Nintendo Switch","Games","Owned","Emio - The Smiling Man: Famicom Detective Club","United Kingdom","Official","Nintendo","Nintendo","Horror, Visual Novel","Dec 1, 2025","CIB+","45.92","52.74","68.63","52.74","?",?,?,?,"","","75",
"Nintendo Switch","Games","Owned","Ender Lilies: Quietus of the Knights","United Kingdom","Official","Clear River Games","Live Wire","Action","Nov 6, 2025","CIB+","29.6","30.23","41.99","30.23","?",?,?,?,"","","84",
"Nintendo Switch","Games","Owned","Epic Mickey: Rebrushed","United Kingdom","Official","THQ Nordic","Junction Point Studios, Purple Lamp Studios","Action, Adventure, Platformer","Nov 6, 2025","CIB+","12.92","21.31","27.24","21.31","?",?,?,?,"","","Missing Field",
"Nintendo Switch","Games","Owned","Etrian Odyssey Origins Collection","Taiwan","Official","Sega, Atlus","Atlus","RPG","Nov 6, 2025","CIB+","42.77","53.52","106.6","53.52","?",?,?,?,"","","77",
"Nintendo Switch","Games","Owned","Fae Farm","United Kingdom","Official","Phoenix Labs","Phoenix Labs","Management Sim","Nov 7, 2025","CIB+","14.34","16.99","18.21","16.99","?",?,?,?,"","","77",
"Nintendo Switch","Games","Owned","FANTASIAN Neo Dimension","United Kingdom","Official","Square Enix","Mistwalker","RPG","Nov 6, 2025","CIB+","21.02","26.02","44.57","26.02","?",?,?,?,"","","Missing Field",
"Nintendo Switch","Games","Owned","Fire Emblem Engage","United Kingdom","Official","Nintendo","Intelligent Systems","Adventure, RPG, Strategy","Nov 6, 2025","CIB+","28.68","30.85","28.44","30.85","?",?,?,?,"","","80",
"Nintendo Switch","Games","Owned","Fire Emblem: Three Houses Limited Edition","United Kingdom","Official","Nintendo","Intelligent Systems","RPG, Strategy","Nov 6, 2025","CIB+","158.16","163.06","176.51","163.06","?",?,?,?,"","","Missing Field",
"Nintendo Switch","Games","Owned","For the King","United Kingdom","Official","Merge Games","IronOak Games","RPG, Roguelike","Nov 6, 2025","CIB+","14.3","16.95","16.58","16.95","?",?,?,?,"","","76",
"Nintendo Switch","Games","Owned","Front Mission 1st Remake","Japan","Official","Rainy Frog","MegaPixel Studio","Strategy","Nov 6, 2025","CIB+","24.37","37.57","38.39","37.57","?",?,?,?,"","","69",
"Nintendo Switch","Games","Owned","Gal Guardians: Demon Purge","United Kingdom","Official","PQube, Inti Creates Co., Ltd.","Inti Creates","Action, Adventure","Nov 7, 2025","CIB+","?","35.56","33.39","35.56","?",?,?,?,"","","76",
"Nintendo Switch","Games","Owned","Gris [Reserve Edition]","United States of America","Official","Devolver Digital, Special Reserve Games","Nomada Studio","Adventure, Platformer","Nov 6, 2025","CIB+","?","64.12","80.29","64.12","?",?,?,?,"","","83",
"Nintendo Switch","Games","Owned","Gyakuten Saiban 123: Naruhodo Selection","Japan","Official","Capcom","Capcom","Adventure, Puzzle","Nov 6, 2025","CIB+","27.46","31.48","41.04","31.48","?",?,?,?,"","","81",
"Nintendo Switch","Games","Owned","Hollow Knight","United Kingdom","Official","Fangamer","Team Cherry","Action, Adventure","Nov 6, 2025","CIB+","18.08","23.69","30.69","23.69","?",?,?,?,"","","90",
"Nintendo Switch","Games","Owned","Hyrule Warriors: Age of Calamity","United Kingdom","Official","Nintendo","Koei Tecmo, Omega Force","Action, Adventure, RPG, Fighting, Beat 'em up","Nov 6, 2025","CIB+","30.92","31.08","53.45","31.08","-1.0",?,?,?,"","","78",
"Nintendo Switch","Games","Owned","Katamari Damacy REROLL","United States of America","Official","Bandai Namco Entertainment","Bandai Namco Entertainment","Action, Puzzle","Nov 6, 2025","CIB+","13.23","15.44","23.13","15.44","?",?,?,?,"","","87",
"Nintendo Switch","Games","Owned","Kirby and the Forgotten Land","United States of America","Official","Nintendo","HAL Laboratory, Inc.","Action, Adventure, Platformer","Nov 6, 2025","CIB+","30.68","30.69","36.5","30.69","?",?,?,?,"","","85",
"Nintendo Switch","Games","Owned","Kirby's Return to Dream Land Deluxe","United Kingdom","Official","Nintendo","HAL Laboratory","Action, Platformer","Nov 6, 2025","CIB+","33.14","33.8","47.72","33.8","?",?,?,?,"","","79",
"Nintendo Switch","Games","Owned","Lego Harry Potter Collection","United Kingdom","Official","Warner Bros. Interactive Entertainment","Double Eleven","Action, Adventure, Sandbox, Platformer","Nov 7, 2025","CIB+","8.5","11.37","13.59","11.37","?",?,?,?,"","","73",
"Nintendo Switch","Games","Owned","Little Kitty, Big City","United Kingdom","Official","Fangamer","Double Dagger Studio","Adventure","Nov 6, 2025","CIB+","?","36.31","41.14","36.31","?",?,?,?,"","","78",
"Nintendo Switch","Games","Owned","Live A Live","United Kingdom","Official","Square Enix","Square Enix","RPG","Nov 6, 2025","CIB+","15.33","18.96","20.9","18.96","?",?,?,?,"","","81",
"Nintendo Switch","Games","Owned","Loop Hero [Special Reserve]","United States of America","Official","Devolver Digital, Special Reserve Games","Four Quarters","Adventure, RPG, Strategy, Board","Nov 6, 2025","New","9.93","14.73","20.05","20.05","?",?,?,?,"","","83",
"Nintendo Switch","Games","Owned","Mario + Rabbids: Sparks of Hope","United Kingdom","Official","Ubisoft","Ubisoft Milan","Adventure, Strategy","Nov 6, 2025","CIB+","10.65","12.18","16.03","12.18","?",?,?,?,"","","86",
"Nintendo Switch","Games","Owned","Marvel Ultimate Alliance 3: The Black Order","United Kingdom","Official","Nintendo","Team Ninja","Action, RPG","Nov 6, 2025","CIB+","29.15","32.11","47.92","32.11","?",?,?,?,"","","73",
"Nintendo Switch","Games","Owned","Master Detective Archives: RAIN CODE [Mysteriful Limited Edition]","United Kingdom","Official","Spike Chunsoft","Spike Chunsoft Co., Ltd.","Action, Adventure","Nov 6, 2025","CIB+","?","58.97","77.35","58.97","?",?,?,?,"","","77",
"Nintendo Switch","Games","Owned","Melon Journey: Bittersweet Memories [Limited Edition]","Japan","Official","Beep Japan","Froach Club","Adventure","Nov 7, 2025","CIB+","?","47.51","58.77","47.51","?",?,?,?,"","","68",
"Nintendo Switch","Games","Owned","Metal Slug Tactics","United States of America","Official","DotEmu, SNK, Limited Run Games","Leikir Studio","RPG, Strategy","Nov 6, 2025","CIB+","26.37","27.66","32.72","27.66","?",?,?,?,"","","77",
"Nintendo Switch","Games","Owned","Metroid Dread ","United Kingdom","Official","Nintendo","Mercury Steam Entertainment S.L.","Action, Adventure","Nov 6, 2025","CIB+","23.76","29.91","40.29","29.91","?",?,?,?,"","","88",
"Nintendo Switch","Games","Owned","Metroid Prime Remastered","United Kingdom","Official","Nintendo","Iron Galaxy Studios, Retro Studios","Action, Adventure, First-person shooter","Nov 6, 2025","CIB+","26.55","27.6","31.98","27.6","?",?,?,?,"","","94",
"Nintendo Switch","Games","Owned","Mika and the Witch's Mountain","United States of America","Official","Limited Run Games","Chibig, Nukefist","Action, Adventure","Jun 10, 2026","CIB+","23.79","55.58","59.37","55.58","-1.0",?,?,?,"","","Missing Field",
"Nintendo Switch","Games","Owned","Needy Streamer Overload","United Kingdom","Official","Serenity Forge","WSS Playground","Visual Novel","Nov 6, 2025","CIB+","?","31.88","33.77","31.88","?",?,?,?,"","","Missing Field",
"Nintendo Switch","Games","Owned","NEO: The World Ends with You","United Kingdom","Official","Square Enix","h.a.n.d. Inc.","RPG","Nov 6, 2025","CIB+","21","24","30.27","24","?",?,?,?,"","","82",
"Nintendo Switch","Games","Owned","Neon Blood [Limited Edition]","United Kingdom","Official","Meridiem Games","ChaoticBrain Studios","Adventure, RPG","Nov 6, 2025","CIB+","?","18.95","22.19","18.95","?",?,?,?,"","","Missing Field",
"Nintendo Switch","Games","Owned","Neva [Devolver Deluxe]","United Kingdom","Official","Devolver Digital","Nomada Studio","Adventure, Puzzle, Platformer","Nov 6, 2025","CIB+","-1.0", "-1.0", "-1.0", "-1.0","?",?,?,?,"","","Missing Field",
"Nintendo Switch","Games","Owned","New Pokémon Snap","United Kingdom","Official","Nintendo","Bandai Namco Studios","Adventure, First-person shooter","Nov 6, 2025","CIB+","25.63","29.2","37.59","29.2","?",?,?,?,"","","79",
"Nintendo Switch","Games","Owned","Ni no Kuni: Wrath of the White Witch","United Kingdom","Official","Missing Field","Level 5","RPG","Nov 6, 2025","CIB+","24.6","26.23","32.75","26.23","?",?,?,?,"","","84",
"Nintendo Switch","Games","Owned","Ninja Gaiden: Ragebound","United Kingdom","Official","Missing Field","Missing Field","Platformer","Nov 6, 2025","CIB+","20.74","25.89","43","25.89","?",?,?,?,"","","Missing Field",
"Nintendo Switch","Systems","Owned","Nintendo Switch [Diablo III Limited Edition]","United Kingdom","Official","Nintendo","Nintendo","Missing Field","Nov 6, 2025","CIB+","231.31","341.73","444.09","341.73","?",?,?,?,"Roser","","Missing Field",
"Nintendo Switch","Games","Owned","No Sleep For Kaname Date – From AI: THE SOMNIUM FILES","United States of America","Official","Spike Chunsoft","Spike Chunsoft","Adventure","Nov 6, 2025","CIB+","30.77","33.27","34.13","33.27","?",?,?,?,"","","Missing Field",
"Nintendo Switch","Games","Owned","Octopath Traveler","United Kingdom","Official","Square Enix","Square Enix","RPG","Nov 6, 2025","CIB+","25.21","29.13","49.62","29.13","?",?,?,?,"","","83",
"Nintendo Switch","Games","Owned","Ōkami HD","Japan","Official","Capcom","Clover Studio","Action, Adventure","Nov 6, 2025","CIB+","23.26","23.88","24.64","23.88","?",?,?,?,"","","89",
"Nintendo Switch","Games","Owned","Omori","United States of America","Official","Fangamer","OMOCAT","RPG","Nov 6, 2025","CIB+","26.38","27.09","32.85","27.09","?",?,?,?,"","","Missing Field",
"Nintendo Switch","Games","Owned","Paper Mario: The Origami King","United Kingdom","Official","Nintendo","Intelligent Systems","Adventure, RPG","Nov 6, 2025","CIB+","20.82","22.24","27.05","22.24","?",?,?,?,"","","80",
"Nintendo Switch","Games","Owned","Persona 5 Strikers [Bonus Content Code Included]","United Kingdom","Official","Sega","Omega Force, P-Studio","Action, RPG, Hack 'n Slash","Nov 6, 2025","CIB+","18.19","18.19","21.09","18.19","?",?,?,?,"","","81",
"Nintendo Switch","Games","Owned","Persona 5 Tactica","United Kingdom","Official","Sega","P-Studio","RPG","Nov 6, 2025","CIB+","7.05","13.73","17.75","13.73","?",?,?,?,"","","79",
"Nintendo Switch","Games","Owned","Pokémon Legends: Arceus","United Kingdom","Official","Nintendo","Game Freak","Action, Adventure, RPG","Nov 6, 2025","CIB+","32.9","33.4","43.63","33.4","?",?,?,?,"","","83",
"Nintendo Switch","Games","Owned","Pokémon Mystery Dungeon: Rescue Team DX","United Kingdom","Official","Nintendo","Game Freak","Adventure, RPG, Roguelike","Nov 6, 2025","CIB+","29.12","34.15","46.49","34.15","?",?,?,?,"","","69",
"Nintendo Switch","Games","Owned","Pokemon Scarlet","United Kingdom","Official","Nintendo, The Pokemon Company","Game Freak","Action, RPG","Nov 6, 2025","CIB+","23.82","28.1","28.17","28.1","?",?,?,?,"","","72",
"Nintendo Switch","Games","Owned","Pokemon Shining Pearl","United Kingdom","Official","Nintendo, The Pokemon Company","ILCA","Action, RPG","Nov 6, 2025","CIB+","27.58","31.1","44.49","31.1","?",?,?,?,"1.0","","73",
"Nintendo Switch","Games","Owned","Pokemon: Let's Go, Pikachu!","United Kingdom","Official","Nintendo","Game Freak","RPG","Nov 6, 2025","CIB+","31.53","32.3","39.81","32.3","?",?,?,?,"","","79",
"Nintendo Switch","Games","Owned","Prince of Persia: The Lost Crown","United Kingdom","Official","Ubisoft","Ubisoft","Action, Adventure","Nov 6, 2025","CIB+","12.27","12.36","16.54","12.36","?",?,?,?,"","","88",
"Nintendo Switch","Games","Owned","Raidou Remastered: The Mystery of the Soulless Army","United Kingdom","Official","Atlus","Missing Field","Adventure","Nov 6, 2025","CIB+","?","30.21","34.93","30.21","?",?,?,?,"","","Missing Field",
"Nintendo Switch","Games","Owned","Reynatis [Deluxe Edition]","United Kingdom","Official","Arc System Works Co., Ltd., NIS America","FuRyu","Action, RPG","Nov 6, 2025","CIB+","?","32.36","43.85","32.36","?",?,?,?,"It has the missprint on the name","","Missing Field",
"Nintendo Switch","Games","Owned","River City Girls 1+2","Japan","Official","Arc System Works Co., Ltd.","WayForward Technologies","Adventure, Fighting","Nov 6, 2025","CIB+","33.67","34.98","45.35","34.98","?",?,?,?,"","","Missing Field",
"Nintendo Switch","Games","Owned","Rockman EXE Advanced Collection","Japan","Official","Capcom","Capcom","Action, RPG","Nov 6, 2025","CIB+","29","30.65","48.89","30.65","?",?,?,?,"","","77",
"Nintendo Switch","Games","Owned","Sakuna: Of Rice and Ruin","United Kingdom","Official","Marvelous","Edelweiss","Adventure, RPG","Nov 6, 2025","CIB+","13","19.17","23.09","19.17","?",?,?,?,"","","80",
"Nintendo Switch","Games","Owned","Scott Pilgrim EX","United States of America","Official","Limited Run Games","Tribute Games","Beat 'em up","Jun 10, 2026","CIB+","?","56.57","59.1","56.57","-1.0",?,?,?,"","","Missing Field",
"Nintendo Switch","Games","Owned","Sea of Stars [Limited Edition]","Japan","Official","Kakehashi Games","Missing Field","RPG","Nov 6, 2025","CIB+","?","43.63","56.57","43.63","?",?,?,?,"","","90",
"Nintendo Switch","Games","Owned","Shin Megami Tensei III: Nocturne HD Remaster","United Kingdom","Official","Atlus Co., Ltd.","Atlus","RPG","Nov 6, 2025","CIB+","19.22","21.06","29.59","21.06","?",?,?,?,"","","75",
"Nintendo Switch","Games","Owned","Shin Megami Tensei V","United Kingdom","Official","Sega","Atlus","RPG","Nov 6, 2025","CIB+","11.83","18.93","24.65","18.93","?",?,?,?,"","","84",
"Nintendo Switch","Games","Owned","Shin Megami Tensei V: Vengeance","United Kingdom","Official","Atlus Co., Ltd.","Atlus","Adventure, RPG","Nov 6, 2025","CIB+","20.52","26.59","23.44","26.59","?",?,?,?,"","","85",
"Nintendo Switch","Games","Owned","Star Ocean: The Second Story R","United Kingdom","Official","Square Enix","Square Enix","Action, RPG","Nov 6, 2025","CIB+","21.23","26.15","33.37","26.15","?",?,?,?,"","","87",
"Nintendo Switch","Games","Owned","Star Renegades","Japan","Official","Raw Fury","Massive Damage, Inc.","RPG","Nov 6, 2025","CIB+","15.7","16.72","20.33","16.72","?",?,?,?,"","","67",
"Nintendo Switch","Games","Owned","Super Bomberman R [Smile Price Collection]","Japan","Official","Konami","Konami","Puzzle","Nov 6, 2025","CIB+","-1.0", "-1.0", "-1.0", "-1.0","?",?,?,?,"","","62",
"Nintendo Switch","Games","Owned","Super Mario 3D All-Stars","United Kingdom","Official","Nintendo","Nintendo","Action, Adventure, Platformer","Nov 6, 2025","CIB+","42.7","51.82","78.75","51.82","?",?,?,?,"","","82",
"Nintendo Switch","Games","Owned","Super Mario Bros. Wonder","United Kingdom","Official","Nintendo","Nintendo EPD","Adventure, Platformer","Nov 7, 2025","CIB+","25.95","30.81","31.63","30.81","?",?,?,?,"","","92",
"Nintendo Switch","Games","Owned","Super Mario Galaxy 1 & 2","United Kingdom","Official","Nintendo","Missing Field","Action, Adventure, Platformer","Nov 6, 2025","CIB+","43.81","44.47","44.91","44.47","?",?,?,?,"","","Missing Field",
"Nintendo Switch","Games","Owned","Super Mario Odyssey","United Kingdom","Official","Nintendo","Nintendo EAD","Adventure, Platformer","Nov 6, 2025","CIB+","27.16","28.53","34.04","28.53","?",?,?,?,"","","97",
"Nintendo Switch","Games","Owned","Super Mario RPG","Japan","Official","Nintendo","Square Enix","RPG","Nov 6, 2025","CIB+","19.57","22.72","25.48","22.72","?",?,?,?,"","","Missing Field",
"Nintendo Switch","Games","Owned","Super Monkey Ball: Banana Blitz HD","United Kingdom","Official","Sega","Ryu ga Gotoku Studios","Action","Nov 6, 2025","CIB+","15.58","17.26","25.05","17.26","?",?,?,?,"","","63",
"Nintendo Switch","Games","Owned","Tactics Ogre: Reborn","United Kingdom","Official","Square Enix","Square Enix","RPG","Nov 6, 2025","CIB+","19.13","21.09","29.8","21.09","?",?,?,?,"","","84",
"Nintendo Switch","Games","Owned","Hundred Line: Last Defense Academy","United States of America","Official","XSEED Games","Media Vision, Too Kyo Games","RPG, Strategy, Visual Novel","Nov 6, 2025","CIB+","43.63","46.65","50.2","46.65","?",?,?,?,"","","Missing Field",
"Nintendo Switch","Games","Owned","Legend of Zelda: Breath of the Wild","United Kingdom","Official","Nintendo","Nintendo EPD","Action, Adventure","Nov 6, 2025","CIB+","28.05","29.74","35.1","29.74","?",?,?,?,"","","97",
"Nintendo Switch","Games","Owned","Legend of Zelda: Echoes of Wisdom","United Kingdom","Official","Nintendo","Grezzo","Action, Adventure","Nov 6, 2025","CIB+","26.8","27.39","31.4","27.39","?",?,?,?,"","","85",
"Nintendo Switch","Games","Owned","Legend of Zelda: Link's Awakening [Limited Edition]","United Kingdom","Official","Nintendo","Grezzo, Nintendo EAD","Action, Adventure","Nov 6, 2025","CIB+","84.39","97.46","136.74","97.46","?",?,?,?,"","","87",
"Nintendo Switch","Games","Owned","Legend of Zelda: Skyward Sword HD","United Kingdom","Official","Nintendo","Tantalus","Action, Adventure","Nov 6, 2025","CIB+","32.48","33.96","38.1","33.96","?",?,?,?,"","","81",
"Nintendo Switch","Games","Owned","Legend of Zelda: Tears of the Kingdom","United Kingdom","Official","Nintendo","Nintendo EPD","Action, Adventure, Sandbox","Nov 6, 2025","CIB+","32.01","32.33","32.87","32.33","?",?,?,?,"","","96",
"Nintendo Switch","Games","Owned","Messenger [Devolver Digital]","United Kingdom","Official","Devolver Digital","Sabotage Studio","Action, Platformer","Nov 6, 2025","CIB+","?","22.96","32.96","22.96","?",?,?,?,"","","86",
"Nintendo Switch","Games","Owned","Plucky Squire","United Kingdom","Official","Devolver Digital","All Possible Futures","Action, Adventure, Puzzle, Platformer","Nov 6, 2025","CIB+","11.61","15.44","26.58","15.44","?",?,?,?,"","","72",
"Nintendo Switch","Games","Owned","Tokyo Mirage Sessions #FE Encore","United Kingdom","Official","Nintendo","Atlus","Adventure, RPG, Strategy","Nov 6, 2025","CIB+","40.08","40.08","55.69","40.08","?",?,?,?,"","","81",
"Nintendo Switch","Games","Owned","Tomodachi Life: Living the Dream","United Kingdom","Official","Nintendo","Nintendo","Life Sim","May 18, 2026","CIB+","52.7","70.27","91.07","70.27","-1.0",?,?,?,"","","Missing Field",
"Nintendo Switch","Games","Owned","Triangle Strategy","United Kingdom","Official","Square Enix","Square Enix","Adventure, RPG, Strategy","Nov 6, 2025","CIB+","18.63","22.07","25.52","22.07","?",?,?,?,"","","83",
"Nintendo Switch","Games","Owned","Undertale [Collector's Edition]","United States of America","Official","Fangamer","Toby Fox","RPG","Nov 6, 2025","CIB+","78.13","78.76","95.38","78.76","?",?,?,?,"","","93",
"Nintendo Switch","Games","Owned","Unicorn Overlord","United Kingdom","Official","Atlus","Vanillaware","RPG","Nov 6, 2025","CIB+","20.74","31.82","32.33","31.82","?",?,?,?,"","","89",
"Nintendo Switch","Games","Owned","Unreal Life [Deluxe Edition]","Japan","Official","Missing Field","Hako Seikatsu","Adventure","Nov 6, 2025","CIB+","-1.0", "-1.0", "-1.0", "-1.0","?",?,?,?,"","","Missing Field",
"Nintendo Switch","Games","Owned","Wargroove [Deluxe Edition]","United Kingdom","Official","Sold Out","Chucklefish","Strategy","Nov 6, 2025","CIB","10.17","13.35","16.41","13.35","?",?,?,?,"","","84",
"Nintendo Switch","Games","Owned","Witch Spring 3 Re:Fine","United Kingdom","Official","G Choice","G Choice","RPG","Nov 6, 2025","CIB+","17.95","20.12","19.94","20.12","?",?,?,?,"","","Missing Field",
"Nintendo Switch","Games","Owned","World of Horror","Japan","Official","Active Gaming Media, Playism, Ysbryd Games","panstasz","Adventure, RPG","Nov 6, 2025","CIB+","25.15","28.28","39.57","28.28","?",?,?,?,"","","81",
"Nintendo Switch","Games","Owned","Xenoblade Chronicles 2","United Kingdom","Official","Nintendo","Monolith Software, Inc.","Action, RPG","Nov 6, 2025","CIB+","26.64","31.59","44.16","31.59","-1.0",?,?,?,"","","83",
"Nintendo Switch","Games","Owned","Xenoblade Chronicles 2: Torna - The Golden Country","United Kingdom","Official","Nintendo","Monolith Soft","Action, RPG","Nov 6, 2025","CIB+","31.5","36.62","47.08","36.62","-1.0",?,?,?,"","","80",
"Nintendo Switch","Games","Owned","Xenoblade Chronicles 3","United Kingdom","Official","Nintendo","Monolith Software, Inc.","Action, RPG","Nov 6, 2025","CIB+","30.22","30.96","40.18","30.96","-1.0",?,?,?,"","","89",
"Nintendo Switch","Games","Owned","Xenoblade Chronicles X [Definitive Edition]","United Kingdom","Official","Nintendo","Monolith Soft","Action, RPG","Nov 6, 2025","CIB+","28.39","32.88","40.64","32.88","-1.0",?,?,?,"","","Missing Field",
"Nintendo Switch","Games","Owned","Xenoblade Chronicles: Definitive Edition [Collector's Set]","United Kingdom","Official","Nintendo","Monolith Software, Inc.","Action, RPG","Nov 6, 2025","CIB+","110.24","173.02","293.05","173.02","-1.0",?,?,?,"","","89",
"Sony PlayStation 5","Games","Owned","1348 Ex Voto","World","Digital","Dear Villagers","Sedleo","Action","Jun 10, 2026","Digital","-1.0", "-1.0", "-1.0", "-1.0","-1.0",?,?,?,"","","Missing Field",
"Sony PlayStation 5","Games","Owned","Plague Tale: Requiem","United Kingdom","Official","Focus Home Interactive","Asobo Studio","Adventure, Stealth","Nov 6, 2025","CIB+","15.57","16.79","26.33","16.79","?",?,?,?,"","","82",
"Sony PlayStation 5","Games","Owned","Armored Core VI Fires of Rubicon [Launch Edition]","United Kingdom","Official","Bandai Namco Entertainment","FromSoftware, Inc.","Action, RPG","Nov 6, 2025","CIB+","13.94","18.72","28.49","18.72","?",?,?,?,"","","86",
"Sony PlayStation 5","Games","Owned","Astro Bot","United States of America","Official","Sony Interactive Entertainment","Team Asobi","Platformer","Nov 6, 2025","CIB+","27.02","27.86","33.55","27.86","?",?,?,?,"","","94",
"Sony PlayStation 5","Games","Owned","Atelier Ryza Secret Trilogy Deluxe Pack","World","Official","Koei Tecmo","Gust","RPG","Nov 19, 2025","CIB+","-1.0", "-1.0", "-1.0", "-1.0","?",?,?,?,"","","Missing Field",
"Sony PlayStation 5","Games","Owned","Atelier Yumia: The Alchemist of Memories & The Envisioned Land","United Kingdom","Official","Koei Tecmo","Gust Co. Ltd.","Adventure, RPG","Nov 6, 2025","CIB+","?","36.37","51.15","36.37","?",?,?,?,"","","Missing Field",
"Sony PlayStation 5","Games","Owned","Baldur's Gate III [Deluxe Edition]","United Kingdom","Official","Larian Studios","Larian Studios","RPG, Strategy","Nov 6, 2025","CIB+","83.62","105.33","137.5","105.33","?",?,?,?,"","","96",
"Sony PlayStation 5","Games","Owned","Black Myth: Wukong","United Kingdom","Official","Game Science","Game Science","Action, RPG","Nov 6, 2025","CIB+","41.4","41.67","48.18","41.67","?",?,?,?,"","","76",
"Sony PlayStation 5","Games","Owned","Clair Obscur: Expedition 33","United Kingdom","Official","Kepler Interactive","Sandfall Interactive","Action, Adventure, RPG","Nov 6, 2025","CIB+","24.63","26.23","37.11","26.23","?",?,?,?,"","","92",
"Sony PlayStation 5","Games","Owned","Control: Ultimate Edition","United Kingdom","Official","505 Games","Remedy Entertainment","Action, Adventure","Dec 5, 2025","CIB+","19.93","19.99","30.6","19.99","?",?,?,?,"","","85",
"Sony PlayStation 5","Games","Owned","Death Stranding 2: On the Beach","United Kingdom","Official","Sony Computer Entertainment","Kojima Productions (Konami)","Action, Adventure","Nov 6, 2025","CIB+","20.03","20.78","28.08","20.78","?",?,?,?,"","","Missing Field",
"Sony PlayStation 5","Games","Owned","Dragon Ball Z: Kakarot","United Kingdom","Official","Bandai Namco Entertainment","CyberConnect2 Co., Ltd.","Action, RPG","Nov 6, 2025","CIB+","8.92","9.54","22.11","9.54","?",?,?,?,"","","76",
"Sony PlayStation 5","Games","Owned","Elden Ring [Launch Edition]","United Kingdom","Official","Bandai Namco Entertainment","FromSoftware, Inc.","RPG","Nov 6, 2025","CIB+","20.33","30.14","51.99","30.14","?",?,?,?,"","","96",
"Sony PlayStation 5","Games","Owned","Final Fantasy VII Rebirth [Deluxe Edition]","United Kingdom","Official","Square Enix","Square Enix","RPG","Nov 6, 2025","CIB+","?","84.63","112.69","84.63","?",?,?,?,"","","92",
"Sony PlayStation 5","Games","Owned","Final Fantasy VII Remake Intergrade","United Kingdom","Official","Square Enix Europe","Square Enix","RPG","Nov 6, 2025","CIB+","16.78","25.15","30.39","25.15","?",?,?,?,"","","89",
"Sony PlayStation 5","Games","Owned","Final Fantasy XVI","United Kingdom","Official","Square Enix","Square Enix","Action, Adventure, RPG","Nov 6, 2025","CIB+","12.97","16.04","20.34","16.04","?",?,?,?,"","","87",
"Sony PlayStation 5","Games","Owned","Ghostwire: Tokyo","United Kingdom","Official","Bethesda Softworks","Tango gameworks","Action, Adventure","Nov 6, 2025","CIB+","7.71","13.12","16.89","13.12","?",?,?,?,"","","75",
"Sony PlayStation 5","Games","Owned","Gotham Knights [Collector's Edition]","United Kingdom","Official","Warner Bros. Interactive Entertainment","Warner Bros. Interactive Entertainment","Action, Adventure","Nov 6, 2025","CIB+","?","88.92","169.8","88.92","?",?,?,?,"","","67",
"Sony PlayStation 5","Games","Owned","Hi-Fi Rush [Deluxe Edition]","United States of America","Official","Limited Run Games, Krafton Inc.","Tango gameworks","Action, Adventure","May 26, 2026","CIB+","?","?","56.54","?","-1.0",?,?,?,"","","Missing Field",
"Sony PlayStation 5","Games","Owned","Hogwarts Legacy","United Kingdom","Official","Warner Bros. Interactive Entertainment","Avalanche Software LLC","Action, Adventure","Nov 6, 2025","CIB+","9.4","12.9","20.09","12.9","?",?,?,?,"","","84",
"Sony PlayStation 5","Games","Owned","Hotel Barcelona","United Kingdom","Official","White Owls","Nighthawk Interactive","Action","Nov 6, 2025","CIB+","?","25.67","32.92","25.67","?",?,?,?,"","","Missing Field",
"Sony PlayStation 5","Games","Owned","Indika","United Kingdom","Official","11 Bit Studios","11 Bit Studios","Adventure","Nov 6, 2025","CIB+","17.12","23.17","30.81","23.17","?",?,?,?,"","","83",
"Sony PlayStation 5","Games","Owned","Judgment","United States of America","Official","Sega","Ryu ga Gotoku Studio","Action, Adventure","Nov 6, 2025","CIB+","19.27","21.19","23.75","21.19","?",?,?,?,"","","83",
"Sony PlayStation 5","Games","Owned","Kena: Bridge of Spirits [Deluxe Edition]","United Kingdom","Official","Maximum Games","Maximum Games","Action, Adventure","Nov 6, 2025","CIB+","18.05","20.68","24.24","20.68","?",?,?,?,"","","81",
"Sony PlayStation 5","Games","Owned","LEGO Star Wars: The Skywalker Saga","United States of America","Official","Warner Bros. Interactive Entertainment","TT Games","Action, Adventure","Nov 6, 2025","CIB+","8.56","9.76","13.44","9.76","?",?,?,?,"","","82",
"Sony PlayStation 5","Games","Owned","Like A Dragon Gaiden: The Man Who Erased His Name","China","Official","Sega","Ryu ga Gotoku Studio","Action, Adventure, RPG","Nov 6, 2025","CIB+","-1.0", "-1.0", "-1.0", "-1.0","?",?,?,?,"","","78",
"Sony PlayStation 5","Games","Owned","Like a Dragon: Infinite Wealth","United Kingdom","Official","Sega","Ryu ga Gotoku Studio","RPG","Nov 6, 2025","CIB","16.1","21.99","25.4","21.99","?",?,?,?,"","","89",
"Sony PlayStation 5","Games","Owned","Like a Dragon: Ishin!","United Kingdom","Official","Sega","Ryu ga Gotoku Studio","Action, Adventure","Nov 6, 2025","CIB+","11.81","13.74","20.85","13.74","?",?,?,?,"","","81",
"Sony PlayStation 5","Games","Owned","Lost Judgment","United States of America","Official","Sega","Ryu ga Gotoku Studio","Action, Adventure","Nov 6, 2025","CIB+","9.88","13.44","19.99","13.44","?",?,?,?,"","","82",
"Sony PlayStation 5","Games","Owned","Marvel's Spider-Man 2","United Kingdom","Official","Sony Interactive Entertainment","Insomniac Games","Action, Adventure","Nov 6, 2025","CIB+","26.02","29.52","35.69","29.52","?",?,?,?,"","","90",
"Sony PlayStation 5","Games","Owned","Marvel's Spider-Man: Miles Morales","United Kingdom","Official","Missing Field","Insomniac Games","Action, Adventure","Nov 6, 2025","CIB+","9.95","13.73","15.24","13.73","?",?,?,?,"","","85",
"Sony PlayStation 5","Games","Owned","Metaphor: ReFantazio [Collector's Edition]","United Kingdom","Official","SEGA Games","Atlus","RPG","Nov 6, 2025","CIB+","144.08","148.23","195.76","148.23","?",?,?,?,"","","94",
"Sony PlayStation 5","Games","Owned","Nioh Collection","United Kingdom","Official","Sony Interactive Entertainment","Team Ninja","Action, Adventure","Nov 6, 2025","New","25.47","30.22","36.04","36.04","?",?,?,?,"","","Missing Field",
"Sony PlayStation 5","Games","Owned","Persona 3 Reload [Aigis Edition]","United Kingdom","Official","Atlus Co., Ltd.","P-Studio","RPG","Nov 6, 2025","CIB+","?","118.4","222.94","118.4","?",?,?,?,"","","89",
"Sony PlayStation 5","Games","Owned","Pragmata","United Kingdom","Official","Capcom","Capcom","Action, Adventure","Apr 20, 2026","CIB+","39.35","49.65","46.15","49.65","-1.0",?,?,?,"","","Missing Field",
"Sony PlayStation 5","Games","Owned","Resident Evil 4 [Gold Edition]","United Kingdom","Official","Capcom","Capcom","Action, Adventure, Horror","Nov 6, 2025","CIB+","?","17.17","37.43","17.17","?",?,?,?,"","","93",
"Sony PlayStation 5","Games","Owned","Sonic Frontiers","United Kingdom","Official","Sega","Sonic Team","Platformer","Nov 6, 2025","CIB+","10.89","10.98","15.15","10.98","?",?,?,?,"","","71",
"Sony PlayStation 5","Games","Owned","Soul Hackers 2","United Kingdom","Official","Sega","Atlus","RPG","Nov 6, 2025","CIB+","8.93","12.18","16.03","12.18","?",?,?,?,"","","74",
"Sony PlayStation 5","Games","Owned","Star Wars Jedi: Fallen Order","United Kingdom","Official","Electronic Arts","Respawn Entertainment","Action, Adventure","Nov 6, 2025","CIB+","10","15.24","16.73","15.24","?",?,?,?,"","","Missing Field",
"Sony PlayStation 5","Games","Owned","Star Wars Jedi: Survivor","United Kingdom","Official","Electronic Arts","Respawn Entertainment","Action, Adventure","Nov 6, 2025","CIB+","11.06","11.87","12.85","11.87","?",?,?,?,"","","85",
"Sony PlayStation 5","Games","Owned","Stranger of Paradise: Final Fantasy Origin","United Kingdom","Official","Square Enix","Team Ninja","Action, RPG","Nov 6, 2025","CIB+","13.14","18.3","23.79","18.3","?",?,?,?,"","","72",
"Sony PlayStation 5","Games","Owned","Witcher III: Wild Hunt [Complete Edition]","United Kingdom","Official","CD Projekt Red","CD Projekt Red","Action, RPG","Nov 6, 2025","CIB+","14.58","15.66","19.6","15.66","?",?,?,?,"","","94",
"Sony PlayStation 5","Games","Owned","Tomb Raider I-III: Remastered","United States of America","Official","Aspyr Media, Inc., Limited Run Games","Aspyr Media, Inc.","Action, Adventure, Puzzle","Nov 6, 2025","CIB+","17.73","18.61","26.37","18.61","?",?,?,?,"","","75",
"Sony PlayStation 5","Games","Owned","Uncharted: Legacy of Thieves Collection","United Kingdom","Official","Sony","Naughty Dog Software","Action, Adventure","Nov 6, 2025","New","16.9","17.98","22.93","22.93","?",?,?,?,"","","87",
"Sony PlayStation 5","Games","Owned","Visions of Mana","United Kingdom","Official","Square Enix","Square Enix","Action, RPG","Nov 6, 2025","CIB+","13.31","17.5","32.21","17.5","?",?,?,?,"","","75",
"Sony PlayStation 5","Games","Owned","Yakuza: Like a Dragon","United Kingdom","Official","Sega","Ryu ga Gotoku Studio","Action, Adventure","Nov 6, 2025","CIB+","12.62","19.65","20.2","19.65","?",?,?,?,"","","86",
"Sony PlayStation 4","Games","Owned","13 Sentinels: Aegis Rim","United Kingdom","Official","Atlus Co., Ltd., Sega Europe","Vanillaware","Action, Adventure, RPG, Strategy","Nov 6, 2025","CIB+","12.4","19.71","25.96","19.71","?",?,?,?,"","","85",
"Sony PlayStation 4","Games","Owned","Plague Tale: Innocence","United Kingdom","Official","Focus Home Interactive","Asobo Studio","Action, Adventure","Nov 6, 2025","CIB+","9.61","18.95","27.28","18.95","?",?,?,?,"","","81",
"Sony PlayStation 4","Games","Owned","Alien: Isolation","United Kingdom","Official","Sega","The Creative Assembly","Action, Adventure, Horror","Nov 6, 2025","CIB+","13.92","15.16","21.01","15.16","?",?,?,?,"","","79",
"Sony PlayStation 4","Games","Owned","Bloodborne [Playstation Hits]","United Kingdom","Official","Sony Interactive Entertainment","FromSoftware, Inc.","Action, RPG","Nov 6, 2025","CIB+","11.14","11.56","12.53","11.56","?",?,?,?,"","","92",
"Sony PlayStation 4","Games","Owned","Dark Souls Trilogy","United Kingdom","Official","Bandai Namco Entertainment","FromSoftware, Inc.","Action, RPG","Nov 6, 2025","CIB+","26.09","32.5","36.21","32.5","?",?,?,?,"","","Missing Field",
"Sony PlayStation 4","Games","Owned","Death Stranding","United Kingdom","Official","Sony Interactive Entertainment","Kojima Productions (Konami)","Action, RPG","Nov 6, 2025","CIB+","6.17","8.36","12.82","8.36","?",?,?,?,"","","82",
"Sony PlayStation 4","Games","Owned","Detroit: Become Human","United States of America","Official","Sony Interactive Entertainment","Quantic Dream","Adventure","Nov 6, 2025","CIB+","13.99","14.03","22.49","14.03","?",?,?,?,"","","78",
"Sony PlayStation 4","Games","Owned","Downwell [Special Reserve Outer Box Edition]","United States of America","Official","Special Reserve Games","Moppin","Action, Adventure","Nov 6, 2025","New","-1.0", "-1.0", "-1.0", "-1.0","?",?,?,?,"","","80",
"Sony PlayStation 4","Games","Owned","Final Fantasy I-VI Collection [Anniversary Edition]","United Kingdom","Official","Square Enix","Square Enix","RPG","Nov 6, 2025","CIB+","?","39.81","48.31","39.81","?",?,?,?,"","","87",
"Sony PlayStation 4","Games","Owned","Final Fantasy Type-0 HD","United Kingdom","Official","Square Enix","Square Enix","Action, RPG","Nov 6, 2025","CIB+","8.13","8.19","15.16","8.19","?",?,?,?,"","","72",
"Sony PlayStation 4","Games","Owned","Final Fantasy X / X-2 HD Remaster","United Kingdom","Official","Square Enix","Square Enix, Virtuos","RPG","Nov 6, 2025","CIB+","12.82","14.03","15.55","14.03","?",?,?,?,"","","84",
"Sony PlayStation 4","Games","Owned","Final Fantasy XV [Deluxe Edition]","United Kingdom","Official","Square Enix","Square Enix Business Division 2","Action, RPG","Nov 6, 2025","CIB+","12.36","21.48","34.5","21.48","?",?,?,?,"Signed copy by Yoko Shimomura ","","81",
"Sony PlayStation 4","Games","Owned","Gravity Daze","Japan","Official","SCEI","Bluepoint Games","Action, Adventure","Nov 6, 2025","CIB+","25.54","33.59","50.1","33.59","?",?,?,?,"","","80",
"Sony PlayStation 4","Games","Owned","Gravity Daze 2 [Limited Edition]","Japan","Official","Sony Interactive Entertainment","SCE Japan Studio","Action, Adventure","Nov 6, 2025","CIB+","22.43","23.79","51.59","23.79","?",?,?,?,"Includes AMV","","80",
"Sony PlayStation 4","Games","Owned","Hellblade: Senua's Sacrifice","United Kingdom","Official","Ninja Theory","Ninja Theory, QLOC","Action, Adventure","Nov 6, 2025","CIB+","22.01","29.16","37.43","29.16","?",?,?,?,"","","81",
"Sony PlayStation 4","Games","Owned","Infamous: Second Son [Playstation Hits]","United Kingdom","Official","SCEE","Sucker Punch","Action, Adventure","Nov 6, 2025","CIB+","?","8.28","17.11","8.28","?",?,?,?,"","","80",
"Sony PlayStation 4","Games","Owned","Kingdom Hearts: All-in-One Package","United States of America","Official","Square Enix","Square Enix","Action, RPG","Dec 16, 2025","CIB+","33.67","39.32","64.07","39.32","?",?,?,?,"","","Missing Field",
"Sony PlayStation 4","Games","Owned","Marvel's Spider-Man [Game Of The Year Edition]","United Kingdom","Official","Sony Interactive Entertainment","Insomniac Games","Action, Adventure","Nov 6, 2025","CIB+","9.14","15.03","23.2","15.03","?",?,?,?,"","","87",
"Sony PlayStation 4","Games","Owned","Metal Gear Solid: Master Collection Vol. 1","United Kingdom","Official","Konami Digital Entertainment, Inc.","Konami","Action, Adventure, Strategy, Stealth","Nov 6, 2025","CIB+","28.38","33.06","48.34","33.06","?",?,?,?,"","","Missing Field",
"Sony PlayStation 4","Games","Owned","NieR Replicant ver.1.22474487139...","United Kingdom","Official","Square Enix","Toylogic Inc.","Action, RPG","Nov 6, 2025","CIB+","13.57","17.76","20.33","17.76","?",?,?,?,"","","83",
"Sony PlayStation 4","Games","Owned","NieR: Automata [Game of the YoRHa Edition]","United Kingdom","Official","Square Enix","PlatinumGames","Action, RPG","Nov 6, 2025","CIB+","11.71","11.93","18.03","11.93","?",?,?,?,"","","91",
"Sony PlayStation 4","Games","Owned","Persona 4 Golden","United States of America","Official","Sega, Limited Run Games","Atlus","RPG","Nov 6, 2025","CIB+","69.48","84.58","95.38","84.58","?",?,?,?,"","","86",
"Sony PlayStation 4","Games","Owned","Persona 5 Royal","United Kingdom","Official","Sega Europe","Atlus Co., Ltd.","Action, RPG, Life Sim","Nov 6, 2025","CIB+","13.02","21.06","36.66","21.06","?",?,?,?,"","","95",
"Sony PlayStation 4","Games","Owned","Resident Evil 2","United Kingdom","Official","Capcom","Capcom","Adventure, Horror","Nov 6, 2025","CIB+","8.06","12.33","21.3","12.33","?",?,?,?,"","","91",
"Sony PlayStation 4","Games","Owned","Sakura Wars","United Kingdom","Official","Sega","Sega","Action, RPG, Beat 'em up","Nov 6, 2025","CIB+","13.09","13.71","23.63","13.71","?",?,?,?,"","","73",
"Sony PlayStation 4","Games","Owned","Sekiro: Shadows Die Twice [Game Of The Year Edition]","United States of America","Official","Activision","FromSoftware, Inc.","Action, Adventure","Nov 6, 2025","CIB+","35.43","40.98","63.01","40.98","?",?,?,?,"","","90",
"Sony PlayStation 4","Games","Owned","Shadow of the Colossus","United Kingdom","Official","Sony Interactive Entertainment","Bluepoint Games SIE Japan Studio","Action, Adventure","Nov 6, 2025","CIB+","16.67","16.98","28.81","16.98","?",?,?,?,"","","91",
"Sony PlayStation 4","Games","Owned","Sonic Superstars","United Kingdom","Official","Sega","Arzest, Sonic Team","Adventure, Platformer","Nov 6, 2025","CIB+","16.62","17.04","22.65","17.04","?",?,?,?,"","","Missing Field",
"Sony PlayStation 4","Games","Owned","Tales of Arise","United Kingdom","Official","Bandai Namco Entertainment","Bandai Namco Entertainment","Action, Adventure, RPG","Nov 6, 2025","CIB+","8.28","20.72","21.5","20.72","?",?,?,?,"","","82",
"Sony PlayStation 4","Games","Owned","Tales of Berseria [PlayStation Hits]","United Kingdom","Official","Bandai Namco Entertainment","Bandai Namco Entertainment","Action, RPG","Jan 23, 2026","CIB+","-1.0", "-1.0", "-1.0", "-1.0","-1.0",?,?,?,"","","79",
"Sony PlayStation 4","Games","Owned","Tales of Vesperia: Definitive Edition","United Kingdom","Official","Bandai Namco Entertainment","Bandai Namco Entertainment","Action, RPG","Jan 23, 2026","CIB+","12.84","14.32","25.06","14.32","-1.0",?,?,?,"","","81",
"Sony PlayStation 4","Games","Owned","Tales of Zestiria","United Kingdom","Official","Bandai Namco Entertainment","Bandai Namco Entertainment","RPG","Jan 23, 2026","CIB+","6.97","14.04","24.77","14.04","-1.0",?,?,?,"","","72",
"Sony PlayStation 4","Games","Owned","Last Guardian","United Kingdom","Official","Sony","Sony Japan Studio, genDESIGN","Action, Adventure","Nov 6, 2025","CIB+","7.29","13","20.26","13","?",?,?,?,"","","82",
"Sony PlayStation 4","Games","Owned","Wonderful 101: Remastered","United Kingdom","Official","Nighthawk Interactive","PlatinumGames","Platformer","Nov 6, 2025","CIB+","11.94","13.27","21.82","13.27","?",?,?,?,"","","76",
"Sony PlayStation 4","Games","Owned","Yakuza Remastered Collection","United Kingdom","Official","Sega Europe","Ryu ga Gotoku Studio","Action, Adventure, Sandbox","Nov 6, 2025","CIB+","17.63","23.38","22.78","23.38","?",?,?,?,"","","83",
"Sony PlayStation 4","Games","Owned","Titanfall 2","United Kingdom","Official","Electronic Arts","Respawn Entertainment","Action, First-person shooter","Nov 6, 2025","CIB+","4.97","5.07","17.91","5.07","?",?,?,?,"","","89",
"Sony PlayStation 4","Games","Owned","Uncharted: The Nathan Drake Collection [PlayStation Hits]","United Kingdom","Official","Sony","Bluepoint Games, Naughty Dog Software","Action, Adventure, Third-person shooter","Nov 6, 2025","New","4.69","7.82","15.79","15.79","?",?,?,?,"","","86",
"Sony PlayStation 4","Games","Owned","Until Dawn [Playstation Hits]","United Kingdom","Official","SCEE","Supermassive Games","Adventure, Horror","Nov 6, 2025","CIB+","8.06","9.07","14.47","9.07","?",?,?,?,"","","79",
"Sony PlayStation 4","Games","Owned","Yakuza 0 [PlayStation Hits]","United Kingdom","Official","Sega","Ryu ga Gotoku Studio","Action, Adventure","Nov 6, 2025","CIB+","12.52","14.32","18.74","14.32","?",?,?,?,"","","85",
"Sony PlayStation 4","Games","Owned","Yakuza 6: The Song of Life [PlayStation Hits]","United Kingdom","Official","Sega","Ryu ga Gotoku Studio","Action, Adventure","Nov 6, 2025","CIB+","?","16.35","20.6","16.35","?",?,?,?,"","","83",
"Sony PlayStation 4","Games","Owned","Yakuza Kiwami","United Kingdom","Official","Sega","Sega","Action, Adventure","Nov 6, 2025","CIB+","14.04","17.25","39.23","17.25","?",?,?,?,"","","80",
"Sony PlayStation 4","Games","Owned","Yakuza Kiwami 2 [Playstation Hits]","United Kingdom","Official","Sega","Ryu ga Gotoku Studio","Action, Adventure","Nov 6, 2025","CIB+","14.47","14.48","21.32","14.48","?",?,?,?,"","","85",
"Nintendo Switch 2","Games","Owned","Bravely Default Flying Fairy HD Remaster","United Kingdom","Official","Missing Field","Missing Field","RPG","Nov 6, 2025","CIB+","18.39","18.76","18.68","18.76","?",?,?,?,"","","Missing Field",
"Nintendo Switch 2","Games","Owned","Cyberpunk 2077 [Ultimate Edition]","United Kingdom","Official","CD Projekt Red","CD Projekt Red","Action, RPG","Nov 6, 2025","CIB+","37.39","38.55","41.46","38.55","?",?,?,?,"","","Missing Field",
"Nintendo Switch 2","Games","Owned","Donkey Kong Bananza","United Kingdom","Official","Nintendo","Nintendo","Action, Platformer","Nov 6, 2025","CIB+","40.85","41.97","46.09","41.97","?",?,?,?,"","","Missing Field",
"Nintendo Switch 2","Games","Owned","Fantasy Life i: The Girl Who Steals Time","Japan","Official","Level-5","Level-5","Action, Adventure","Nov 6, 2025","CIB+","?","52.45","56.55","52.45","?",?,?,?,"","","Missing Field",
"Nintendo Switch 2","Games","Owned","Fatal Frame II: Crimson Butterfly Remake [Key Card]","United Kingdom","Official","Koei Tecmo","Missing Field","Horror, Survival","May 29, 2026","CIB+","?","33.82","35.29","33.82","-1.0",?,?,?,"","","Missing Field",
"Nintendo Switch 2","Games","Owned","Hades II","United Kingdom","Official","Supergiant Games","Supergiant Games","Action, Adventure, Roguelike","Nov 23, 2025","CIB+","27.51","27.73","32.2","27.73","?",?,?,?,"","","95",
"Nintendo Switch 2","Games","Owned","Hyrule Warriors: Age of Imprisonment","United Kingdom","Official","Nintendo","Koei Tecmo Games, Gust Co. Ltd.","Action, Adventure","Jan 14, 2026","CIB+","?","43.03","43.29","43.03","?",?,?,?,"","","Missing Field",
"Nintendo Switch 2","Games","Owned","Indiana Jones and the Great Circle","United Kingdom","Official","Bethesda Softworks","Machinegames","Action, Adventure","Jun 16, 2026","CIB+","?","44.36","55.18","44.36","-1.0",?,?,?,"","","Missing Field",
"Nintendo Switch 2","Games","Owned","Pokémon Legends: Z-A","United Kingdom","Official","Nintendo","Game Freak","Action, Adventure, RPG","Nov 6, 2025","CIB+","26.82","36.23","47.08","36.23","?",?,?,?,"","","Missing Field",
"Nintendo Switch 2","Games","Owned","Pokémon Pokopia [Key Card]","United Kingdom","Official","Nintendo, The Pokemon Company","Game Freak, Omega Force","Life Sim","May 11, 2026","CIB+","51.48","53.29","58.05","53.29","-1.0",?,?,?,"","","Missing Field",
"Nintendo 64","Games","Owned","Pokémon Stadium","United Kingdom","Official","Nintendo","Nintendo EAD","Strategy","Nov 6, 2025","Loose","14.29","68.27","248.98","14.29","?",?,?,?,"","","Missing Field",
